page,position_page,brand,model,year,price,mileage,gearbox,region,listing_url
1,1,Ford,Escape,2010.0,6000000,180000.0,Automatique,Dakar,https://www.gaaraas.com/fr/vehicle_listings/annonce-ford-escape-dakar-dakar-704
1,2,Renault,Megane,2008.0,1600000,160000.0,Manuelle,Dakar,https://www.gaaraas.com/fr/vehicle_listings/annonce-renault-megane-dakar-dakar-1132
1,3,Opel,Astra,2003.0,2500000,160000.0,Manuelle,Dakar,https://www.gaaraas.com/fr/vehicle_listings/annonce-opel-astra-dakar-dakar-1153
1,4,Peugeot,307,2007.0,2400000,160000.0,Manuelle,Dakar,https://www.gaaraas.com/fr/vehicle_listings/annonce-peugeot-307-dakar-dakar-1341
1,5,Citroen,C3,2008.0,2300000,128000.0,Manuelle,Dakar,https://www.gaaraas.com/fr/vehicle_listings/annonce-citroen-c3-dakar-dakar-610
1,6,Ford,Escape,2011.0,4000000,109400.0,Manuelle,Dakar,https://www.gaaraas.com/fr/vehicle_listings/annonce-ford-escape-dakar-dakar-3738
1,7,Ford,Escort,2007.0,2700000,174000.0,Manuelle,Dakar,https://www.gaaraas.com/fr/vehicle_listings/annonce-ford-escort-dakar-dakar-644
1,8,Nissan,Qashqai,2014.0,7800000,63000.0,Automatique,Dakar,https://www.gaaraas.com/fr/vehicle_listings/annonce-nissan-qashqai-dakar-dakar-3432
1,9,Renault,19,2002.0,2100000,160000.0,Manuelle,Dakar,https://www.gaaraas.com/fr/vehicle_listings/annonce-renault-19-dakar-dakar-2726
1,10,Dacia,Logan,2009.0,2200000,160000.0,Manuelle,Dakar,https://www.gaaraas.com/fr/vehicle_listings/annonce-dacia-logan-dakar-dakar-2296
1,11,Peugeot,308,2009.0,2300000,311368.0,Manuelle,Dakar,https://www.gaaraas.com/fr/vehicle_listings/annonce-peugeot-308-dakar-dakar-1777
1,12,Ford,Escape,2006.0,4500000,120000.0,Automatique,Dakar,https://www.gaaraas.com/fr/vehicle_listings/annonce-ford-escape-dakar-dakar-3415
1,13,Citroen,C4,2008.0,2100000,160000.0,Manuelle,Dakar,https://www.gaaraas.com/fr/vehicle_listings/annonce-citroen-c4-dakar-dakar-2214
1,14,Citroen,Berlingo,2008.0,3300000,214000.0,Manuelle,Dakar,https://www.gaaraas.com/fr/vehicle_listings/annonce-citroen-berlingo-dakar-dakar-2430
1,15,Renault,Scenic,2009.0,1300000,160000.0,Manuelle,Dakar,https://www.gaaraas.com/fr/vehicle_listings/annonce-renault-scenic-dakar-dakar-2451
1,16,SsangYong,Kyron,2007.0,2000000,120000.0,Automatique,Dakar,https://www.gaaraas.com/fr/vehicle_listings/annonce-ssangyong-kyron-dakar-dakar-1184
1,17,Land Rover,Range Rover Sport,2008.0,6000000,130000.0,Automatique,Dakar,https://www.gaaraas.com/fr/vehicle_listings/annonce-land-rover-range-rover-sport-dakar-dakar-4197
1,18,Daewoo,Matiz,2009.0,3000000,120000.0,Manuelle,Dakar,https://www.gaaraas.com/fr/vehicle_listings/annonce-daewoo-matiz-dakar-dakar-672
1,19,Nissan,Altima,2012.0,3000000,130000.0,Automatique,Dakar,https://www.gaaraas.com/fr/vehicle_listings/annonce-nissan-altima-dakar-dakar-3589
1,20,Peugeot,307,2008.0,2600000,250000.0,Manuelle,Dakar,https://www.gaaraas.com/fr/vehicle_listings/annonce-peugeot-307-dakar-dakar-2371
2,1,Renault,Clio,2010.0,2700000,120000.0,Manuelle,Dakar,https://www.gaaraas.com/fr/vehicle_listings/annonce-renault-clio-dakar-dakar-653
2,2,Skoda,Fabia,2007.0,1800000,220000.0,Manuelle,Dakar,https://www.gaaraas.com/fr/vehicle_listings/annonce-skoda-fabia-dakar-dakar-611
2,3,Volkswagen,Passat,2007.0,2000000,90000.0,Automatique,Dakar,https://www.gaaraas.com/fr/vehicle_listings/annonce-volkswagen-passat-dakar-dakar-406
2,4,Toyota,Camry,2011.0,3800000,0.0,Automatique,Dakar,https://www.gaaraas.com/fr/vehicle_listings/annonce-toyota-camry-dakar-dakar-463
2,5,Kia,Soul,2010.0,3500000,172900.0,Manuelle,Dakar,https://www.gaaraas.com/fr/vehicle_listings/annonce-kia-soul-dakar-dakar-2469
2,6,Renault,Laguna,2007.0,2300000,84000.0,Manuelle,Dakar,https://www.gaaraas.com/fr/vehicle_listings/annonce-renault-laguna-dakar-dakar-1895
2,7,Volkswagen,Passat,2007.0,2900000,265000.0,Manuelle,Dakar,https://www.gaaraas.com/fr/vehicle_listings/annonce-volkswagen-passat-dakar-dakar-3470
2,8,Peugeot,307,2007.0,2200000,160000.0,Manuelle,Dakar,https://www.gaaraas.com/fr/vehicle_listings/annonce-peugeot-307-dakar-dakar-2047
2,9,Toyota,Land Cruiser Prado,2005.0,3800000,130000.0,Manuelle,Dakar,https://www.gaaraas.com/fr/vehicle_listings/annonce-toyota-land-cruiser-prado-dakar-dakar-4202
2,10,Ford,Focus,2006.0,2150000,160000.0,Manuelle,Dakar,https://www.gaaraas.com/fr/vehicle_listings/annonce-ford-focus-dakar-dakar-3057
2,11,Mazda,6,2010.0,4000000,182000.0,Automatique,Dakar,https://www.gaaraas.com/fr/vehicle_listings/annonce-mazda-6-dakar-dakar-3224
2,12,Hyundai,Getz,2008.0,1800000,98000.0,Manuelle,Dakar,https://www.gaaraas.com/fr/vehicle_listings/annonce-hyundai-getz-dakar-dakar-4133
2,13,Peugeot,406,2004.0,2000000,18000.0,Manuelle,Dakar,https://www.gaaraas.com/fr/vehicle_listings/annonce-peugeot-406-dakar-dakar-1343
2,14,Peugeot,406,2002.0,2200000,140000.0,Manuelle,Dakar,https://www.gaaraas.com/fr/vehicle_listings/annonce-peugeot-406-dakar-dakar-3223
2,15,Renault,Megane,2006.0,1700000,180000.0,Manuelle,Dakar,https://www.gaaraas.com/fr/vehicle_listings/annonce-renault-megane-dakar-dakar-1107
2,16,Mitsubishi,L200,2006.0,7500000,160000.0,Manuelle,Dakar,https://www.gaaraas.com/fr/vehicle_listings/annonce-mitsubishi-l200-dakar-dakar-2431
2,17,Skoda,Octavia,2012.0,4000000,70000.0,Manuelle,Dakar,https://www.gaaraas.com/fr/vehicle_listings/annonce-skoda-octavia-dakar-dakar-2498
2,18,Peugeot,307,2008.0,1900000,160000.0,Manuelle,Dakar,https://www.gaaraas.com/fr/vehicle_listings/annonce-peugeot-307-dakar-dakar-2632
2,19,Hyundai,Tucson,2009.0,4000000,140000.0,Manuelle,Dakar,https://www.gaaraas.com/fr/vehicle_listings/annonce-hyundai-tucson-dakar-dakar-3571
2,20,Peugeot,308,2009.0,3300000,256730.0,Manuelle,Dakar,https://www.gaaraas.com/fr/vehicle_listings/annonce-peugeot-308-dakar-dakar-2219
3,1,Peugeot,307,2007.0,2300000,160000.0,Manuelle,Dakar,https://www.gaaraas.com/fr/vehicle_listings/annonce-peugeot-307-dakar-dakar-1326
3,2,Volkswagen,Golf,2003.0,2500000,160000.0,Manuelle,Dakar,https://www.gaaraas.com/fr/vehicle_listings/annonce-volkswagen-golf-dakar-dakar-740
3,3,Peugeot,307,2007.0,2300000,210000.0,Manuelle,Dakar,https://www.gaaraas.com/fr/vehicle_listings/annonce-peugeot-307-dakar-dakar-154
3,4,Hyundai,Tucson,2008.0,3400000,140000.0,Manuelle,Dakar,https://www.gaaraas.com/fr/vehicle_listings/annonce-hyundai-tucson-dakar-dakar-2806
3,5,Nissan,Murano,2011.0,2300000,188000.0,Automatique,Dakar,https://www.gaaraas.com/fr/vehicle_listings/annonce-nissan-murano-dakar-dakar-4351
3,6,Volkswagen,Golf,2000.0,1500000,160000.0,Manuelle,Dakar,https://www.gaaraas.com/fr/vehicle_listings/annonce-volkswagen-golf-dakar-dakar-2193
3,7,Citroen,C3,,1800000,220000.0,Manuelle,Dakar,https://www.gaaraas.com/fr/vehicle_listings/annonce-citroen-c3-dakar-dakar-304
3,8,Hyundai,Tucson,2008.0,2600000,110000.0,Manuelle,Dakar,https://www.gaaraas.com/fr/vehicle_listings/annonce-hyundai-tucson-dakar-dakar-4140
3,9,Mitsubishi,Spacestar,2008.0,2000000,160000.0,Manuelle,Dakar,https://www.gaaraas.com/fr/vehicle_listings/annonce-mitsubishi-spacestar-dakar-dakar-2614
3,10,Peugeot,307,2008.0,3200000,140000.0,Manuelle,Dakar,https://www.gaaraas.com/fr/vehicle_listings/annonce-peugeot-307-dakar-dakar-3463
3,11,Peugeot,307,2007.0,2100000,140000.0,Manuelle,Dakar,https://www.gaaraas.com/fr/vehicle_listings/annonce-peugeot-307-dakar-dakar-3585
3,12,Peugeot,307,2007.0,2200000,160000.0,Manuelle,Dakar,https://www.gaaraas.com/fr/vehicle_listings/annonce-peugeot-307-dakar-dakar-2612
3,13,Ford,Edge,2011.0,9800000,80000.0,Automatique,Dakar,https://www.gaaraas.com/fr/vehicle_listings/annonce-ford-edge-dakar-dakar-1102
3,14,Peugeot,308,2009.0,3600000,140000.0,Manuelle,Dakar,https://www.gaaraas.com/fr/vehicle_listings/annonce-peugeot-308-dakar-dakar-3068
3,15,Toyota,Auris,2005.0,3500000,179315.0,Manuelle,Dakar,https://www.gaaraas.com/fr/vehicle_listings/annonce-toyota-auris-dakar-dakar-3321
3,16,Ford,Edge,2008.0,7000000,125000.0,Automatique,Dakar,https://www.gaaraas.com/fr/vehicle_listings/annonce-ford-edge-dakar-dakar-899
3,17,Peugeot,307,2007.0,2500000,160000.0,Manuelle,Dakar,https://www.gaaraas.com/fr/vehicle_listings/annonce-peugeot-307-dakar-dakar-2633
3,18,Citroen,C4,2006.0,2200000,160000.0,Manuelle,Dakar,https://www.gaaraas.com/fr/vehicle_listings/annonce-citroen-c4-dakar-dakar-2583
3,19,Mercedes‒Benz,190,2004.0,2200000,140000.0,Manuelle,Dakar,https://www.gaaraas.com/fr/vehicle_listings/annonce-mercedes-benz-190-dakar-dakar-3645
3,20,Peugeot,308,2012.0,3800000,103000.0,Manuelle,Dakar,https://www.gaaraas.com/fr/vehicle_listings/annonce-peugeot-308-dakar-dakar-895
4,1,Nissan,Altima,2014.0,2500000,110000.0,Automatique,Dakar,https://www.gaaraas.com/fr/vehicle_listings/annonce-nissan-altima-dakar-dakar-4139
4,2,Renault,Scenic,2005.0,2200000,140000.0,Manuelle,Dakar,https://www.gaaraas.com/fr/vehicle_listings/annonce-renault-scenic-dakar-dakar-2610
4,3,Renault,Megane,2005.0,2000000,160000.0,Manuelle,Dakar,https://www.gaaraas.com/fr/vehicle_listings/annonce-renault-megane-dakar-dakar-1779
4,4,Renault,Clio,2004.0,1900000,120000.0,Manuelle,Dakar,https://www.gaaraas.com/fr/vehicle_listings/annonce-renault-clio-dakar-dakar-418
4,5,Honda,Elysion,2011.0,3500000,160000.0,Automatique,Dakar,https://www.gaaraas.com/fr/vehicle_listings/annonce-honda-elysion-dakar-dakar-1905
4,6,Honda,Civic,2007.0,2300000,180000.0,Automatique,Dakar,https://www.gaaraas.com/fr/vehicle_listings/annonce-honda-civic-dakar-dakar-806
4,7,Toyota,Aygo,2009.0,2700000,150000.0,Manuelle,Dakar,https://www.gaaraas.com/fr/vehicle_listings/annonce-toyota-aygo-dakar-dakar-1778
4,8,Peugeot,307,2007.0,2000000,160000.0,Manuelle,Dakar,https://www.gaaraas.com/fr/vehicle_listings/annonce-peugeot-307-dakar-dakar-1764
4,9,Peugeot,309,2000.0,2800000,130000.0,Manuelle,Dakar,https://www.gaaraas.com/fr/vehicle_listings/annonce-peugeot-309-dakar-dakar-4162
4,10,Peugeot,207,2012.0,3800000,142000.0,Automatique,Dakar,https://www.gaaraas.com/fr/vehicle_listings/annonce-peugeot-207-dakar-dakar-1989
4,11,Mitsubishi,L200,2008.0,7200000,160000.0,Manuelle,Dakar,https://www.gaaraas.com/fr/vehicle_listings/annonce-mitsubishi-l200-dakar-dakar-1998
4,12,Peugeot,308,2008.0,2500000,140000.0,Manuelle,Dakar,https://www.gaaraas.com/fr/vehicle_listings/annonce-peugeot-308-dakar-dakar-407
4,13,Ford,Focus,2014.0,4500000,115000.0,Automatique,Dakar,https://www.gaaraas.com/fr/vehicle_listings/annonce-ford-focus-dakar-dakar-3026
4,14,Rover,600,2002.0,1800000,128000.0,Manuelle,Dakar,https://www.gaaraas.com/fr/vehicle_listings/annonce-rover-600-dakar-dakar-677
4,15,Hyundai,Sonata,2011.0,3500000,66000.0,Automatique,Dakar,https://www.gaaraas.com/fr/vehicle_listings/annonce-hyundai-sonata-dakar-dakar-2221
4,16,Hyundai,Tucson,2006.0,3000000,164231.0,Manuelle,Dakar,https://www.gaaraas.com/fr/vehicle_listings/annonce-hyundai-tucson-dakar-dakar-739
4,17,Volkswagen,Passat,2006.0,2500000,164686.0,Manuelle,Dakar,https://www.gaaraas.com/fr/vehicle_listings/annonce-volkswagen-passat-dakar-dakar-820
4,18,Ford,Taurus,2006.0,3800000,200000.0,Manuelle,Dakar,https://www.gaaraas.com/fr/vehicle_listings/annonce-ford-taurus-dakar-dakar-3404
4,19,Peugeot,307,2008.0,2500000,128000.0,Manuelle,Dakar,https://www.gaaraas.com/fr/vehicle_listings/annonce-peugeot-307-dakar-dakar-583
4,20,Dacia,Logan,2010.0,2000000,161000.0,Manuelle,Dakar,https://www.gaaraas.com/fr/vehicle_listings/annonce-dacia-logan-dakar-dakar-848
5,1,Toyota,Camry,2009.0,3500000,145000.0,Automatique,Dakar,https://www.gaaraas.com/fr/vehicle_listings/annonce-toyota-camry-dakar-dakar-3067
5,2,Peugeot,307,2008.0,2800000,160000.0,Manuelle,Dakar,https://www.gaaraas.com/fr/vehicle_listings/annonce-peugeot-307-dakar-dakar-1575
5,3,Chevrolet,Camaro,2012.0,4000000,220000.0,Manuelle,Dakar,https://www.gaaraas.com/fr/vehicle_listings/annonce-chevrolet-camaro-dakar-dakar-325
5,4,Renault,19,1989.0,2300000,180000.0,Manuelle,Dakar,https://www.gaaraas.com/fr/vehicle_listings/annonce-renault-19-dakar-dakar-1861
5,5,Kia,Sorento,2009.0,3800000,140000.0,Manuelle,Dakar,https://www.gaaraas.com/fr/vehicle_listings/annonce-kia-sorento-dakar-dakar-2807
5,6,Peugeot,407,2007.0,2800000,120000.0,Manuelle,Dakar,https://www.gaaraas.com/fr/vehicle_listings/annonce-peugeot-407-dakar-dakar-569
5,7,Nissan,Murano,2008.0,3200000,115305.0,Automatique,Dakar,https://www.gaaraas.com/fr/vehicle_listings/annonce-nissan-murano-dakar-dakar-855
5,8,Peugeot,406,2003.0,2600000,160000.0,Manuelle,Dakar,https://www.gaaraas.com/fr/vehicle_listings/annonce-peugeot-406-dakar-dakar-1152
5,9,Peugeot,605,2004.0,2200000,160000.0,Manuelle,Dakar,https://www.gaaraas.com/fr/vehicle_listings/annonce-peugeot-605-dakar-dakar-2622
5,10,Mitsubishi,L200,2012.0,11900000,116000.0,Manuelle,Dakar,https://www.gaaraas.com/fr/vehicle_listings/annonce-mitsubishi-l200-dakar-dakar-291
5,11,Toyota,Prado,2000.0,4000000,140000.0,Manuelle,Dakar,https://www.gaaraas.com/fr/vehicle_listings/annonce-toyota-prado-dakar-dakar-2902
5,12,Citroen,C5,2005.0,2100000,334000.0,Manuelle,Dakar,https://www.gaaraas.com/fr/vehicle_listings/annonce-citroen-c5-dakar-dakar-4380
5,13,Peugeot,307,2007.0,2000000,160000.0,Manuelle,Dakar,https://www.gaaraas.com/fr/vehicle_listings/annonce-peugeot-307-dakar-dakar-862
5,14,Renault,19,2000.0,2000000,160000.0,Manuelle,Dakar,https://www.gaaraas.com/fr/vehicle_listings/annonce-renault-19-dakar-dakar-2615
5,15,Skoda,Octavia,2008.0,1900000,160000.0,Manuelle,Dakar,https://www.gaaraas.com/fr/vehicle_listings/annonce-skoda-octavia-dakar-dakar-1928
5,16,Peugeot,307,2004.0,2700000,140000.0,Manuelle,Dakar,https://www.gaaraas.com/fr/vehicle_listings/annonce-peugeot-307-dakar-dakar-3584
5,17,Hyundai,Elantra,2013.0,6500000,66000.0,Automatique,Dakar,https://www.gaaraas.com/fr/vehicle_listings/annonce-hyundai-elantra-dakar-dakar-1235
5,18,Peugeot,807,2007.0,2800000,160000.0,Manuelle,Dakar,https://www.gaaraas.com/fr/vehicle_listings/annonce-peugeot-807-dakar-dakar-1879
5,19,Peugeot,405,2002.0,2200000,160000.0,Manuelle,Dakar,https://www.gaaraas.com/fr/vehicle_listings/annonce-peugeot-405-dakar-dakar-2514
5,20,Peugeot,308,2007.0,2800000,230000.0,Manuelle,Dakar,https://www.gaaraas.com/fr/vehicle_listings/annonce-peugeot-308-dakar-dakar-4198
6,1,Citroen,C3,2008.0,2100000,110000.0,Manuelle,Dakar,https://www.gaaraas.com/fr/vehicle_listings/annonce-citroen-c3-dakar-dakar-4136
6,2,Renault,Logan,2007.0,2900000,160000.0,Manuelle,Dakar,https://www.gaaraas.com/fr/vehicle_listings/annonce-renault-logan-dakar-dakar-2773
6,3,Renault,19,2000.0,1800000,180000.0,Manuelle,Dakar,https://www.gaaraas.com/fr/vehicle_listings/annonce-renault-19-dakar-dakar-1890
6,4,Toyota,RAV4,2008.0,2900000,130000.0,Manuelle,Dakar,https://www.gaaraas.com/fr/vehicle_listings/annonce-toyota-rav4-dakar-dakar-4163
6,5,Peugeot,307,2007.0,2500000,120000.0,Automatique,Dakar,https://www.gaaraas.com/fr/vehicle_listings/annonce-peugeot-307-dakar-dakar-4364
6,6,BMW,315,2007.0,1500000,120000.0,Manuelle,Dakar,https://www.gaaraas.com/fr/vehicle_listings/annonce-bmw-315-dakar-dakar-4141
6,7,Jeep,Patriot,2010.0,3900000,140000.0,Manuelle,Dakar,https://www.gaaraas.com/fr/vehicle_listings/annonce-jeep-patriot-dakar-dakar-2808
6,8,Peugeot,206,2008.0,2300000,164000.0,Manuelle,Dakar,https://www.gaaraas.com/fr/vehicle_listings/annonce-peugeot-206-dakar-dakar-762
6,9,Mitsubishi,ASX,2011.0,6000000,94954.0,Manuelle,Dakar,https://www.gaaraas.com/fr/vehicle_listings/annonce-mitsubishi-asx-dakar-dakar-1150
6,10,Citroen,C3,2008.0,1800000,160000.0,Manuelle,Dakar,https://www.gaaraas.com/fr/vehicle_listings/annonce-citroen-c3-dakar-dakar-1799
6,11,Mitsubishi,L200,2009.0,7800000,160000.0,Manuelle,Dakar,https://www.gaaraas.com/fr/vehicle_listings/annonce-mitsubishi-l200-dakar-dakar-876
6,12,Peugeot,307,2007.0,2400000,160000.0,Manuelle,Dakar,https://www.gaaraas.com/fr/vehicle_listings/annonce-peugeot-307-dakar-dakar-2086
6,13,Peugeot,308,2008.0,3300000,120000.0,Manuelle,Dakar,https://www.gaaraas.com/fr/vehicle_listings/annonce-peugeot-308-dakar-dakar-1147
6,14,Toyota,Corolla,2008.0,3300000,140000.0,Manuelle,Dakar,https://www.gaaraas.com/fr/vehicle_listings/annonce-toyota-corolla-dakar-dakar-880
6,15,BMW,X1,2010.0,3700000,150000.0,Automatique,Dakar,https://www.gaaraas.com/fr/vehicle_listings/annonce-bmw-x1-dakar-dakar-280
6,16,Peugeot,207,2008.0,1800000,120000.0,Manuelle,Dakar,https://www.gaaraas.com/fr/vehicle_listings/annonce-peugeot-207-dakar-dakar-908
6,17,Renault,21,2002.0,2700000,160000.0,Manuelle,Dakar,https://www.gaaraas.com/fr/vehicle_listings/annonce-renault-21-dakar-dakar-2157
6,18,Peugeot,307,2007.0,2100000,132000.0,Manuelle,Dakar,https://www.gaaraas.com/fr/vehicle_listings/annonce-peugeot-307-dakar-dakar-3546
6,19,Volkswagen,Passat,2007.0,1600000,120000.0,Manuelle,Dakar,https://www.gaaraas.com/fr/vehicle_listings/annonce-volkswagen-passat-dakar-dakar-270
6,20,Renault,Megane,2006.0,1600000,180000.0,Manuelle,Dakar,https://www.gaaraas.com/fr/vehicle_listings/annonce-renault-megane-dakar-dakar-886
7,1,Citroen,C5,2008.0,2700000,130000.0,Manuelle,Dakar,https://www.gaaraas.com/fr/vehicle_listings/annonce-citroen-c5-dakar-dakar-4273
7,2,Kia,Carnival,2008.0,2500000,160000.0,Manuelle,Dakar,https://www.gaaraas.com/fr/vehicle_listings/annonce-kia-carnival-dakar-dakar-2623
7,3,Land Rover,Range Rover Sport,2009.0,16000000,160000.0,Automatique,Dakar,https://www.gaaraas.com/fr/vehicle_listings/annonce-land-rover-range-rover-sport-dakar-dakar-2439
7,4,Peugeot,307,2008.0,3200000,128000.0,Manuelle,Dakar,https://www.gaaraas.com/fr/vehicle_listings/annonce-peugeot-307-dakar-dakar-734
7,5,Citroen,C3,2011.0,2800000,136000.0,Manuelle,Dakar,https://www.gaaraas.com/fr/vehicle_listings/annonce-citroen-c3-dakar-dakar-4199
7,6,Chevrolet,Sail,2013.0,2200000,90000.0,Manuelle,Dakar,https://www.gaaraas.com/fr/vehicle_listings/annonce-chevrolet-sail-dakar-dakar-2068
7,7,Renault,Scenic,2006.0,2300000,200000.0,Manuelle,Dakar,https://www.gaaraas.com/fr/vehicle_listings/annonce-renault-scenic-dakar-dakar-1590
7,8,Toyota,Corolla,2004.0,2700000,28752.0,Manuelle,Dakar,https://www.gaaraas.com/fr/vehicle_listings/annonce-toyota-corolla-dakar-dakar-2190
7,9,Dacia,Sandero,2009.0,2800000,140000.0,Manuelle,Dakar,https://www.gaaraas.com/fr/vehicle_listings/annonce-dacia-sandero-dakar-dakar-885
7,10,Citroen,C3,2006.0,1500000,160000.0,Manuelle,Dakar,https://www.gaaraas.com/fr/vehicle_listings/annonce-citroen-c3-dakar-dakar-1874
7,11,Citroen,C3,2007.0,2000000,180000.0,Manuelle,Dakar,https://www.gaaraas.com/fr/vehicle_listings/annonce-citroen-c3-dakar-dakar-845
7,12,Ford,Fusion,2009.0,2000000,144000.0,Automatique,Dakar,https://www.gaaraas.com/fr/vehicle_listings/annonce-ford-fusion-dakar-dakar-4194
7,13,Renault,Laguna,2007.0,2000000,160000.0,Manuelle,Dakar,https://www.gaaraas.com/fr/vehicle_listings/annonce-renault-laguna-dakar-dakar-1704
7,14,Nissan,Rogue,2009.0,5500000,160000.0,Automatique,Dakar,https://www.gaaraas.com/fr/vehicle_listings/annonce-nissan-rogue-dakar-dakar-2440
7,15,Ford,Edge,2011.0,10000000,105000.0,Automatique,Dakar,https://www.gaaraas.com/fr/vehicle_listings/annonce-ford-edge-dakar-dakar-3222
7,16,Citroen,C4,2007.0,2100000,160000.0,Manuelle,Dakar,https://www.gaaraas.com/fr/vehicle_listings/annonce-citroen-c4-dakar-dakar-2040
7,17,Skoda,Octavia,2012.0,3500000,147000.0,Manuelle,Dakar,https://www.gaaraas.com/fr/vehicle_listings/annonce-skoda-octavia-dakar-dakar-2298
7,18,Citroen,Berlingo,2007.0,2000000,140000.0,Manuelle,Dakar,https://www.gaaraas.com/fr/vehicle_listings/annonce-citroen-berlingo-dakar-dakar-4134
7,19,Citroen,Berlingo,2008.0,2300000,160000.0,Manuelle,Dakar,https://www.gaaraas.com/fr/vehicle_listings/annonce-citroen-berlingo-dakar-dakar-2295
7,20,Peugeot,207,2010.0,3200000,144410.0,Manuelle,Dakar,https://www.gaaraas.com/fr/vehicle_listings/annonce-peugeot-207-dakar-dakar-851
8,1,Peugeot,307,2007.0,2300000,137000.0,Manuelle,Dakar,https://www.gaaraas.com/fr/vehicle_listings/annonce-peugeot-307-dakar-dakar-838
8,2,Peugeot,206,2009.0,2000000,130000.0,Manuelle,Dakar,https://www.gaaraas.com/fr/vehicle_listings/annonce-peugeot-206-dakar-dakar-3566
8,3,Renault,Laguna,2004.0,2000000,160000.0,Manuelle,Dakar,https://www.gaaraas.com/fr/vehicle_listings/annonce-renault-laguna-dakar-dakar-813
8,4,Mercedes‒Benz,250,2004.0,1900000,160000.0,Manuelle,Dakar,https://www.gaaraas.com/fr/vehicle_listings/annonce-mercedes-benz-250-dakar-dakar-2640
8,5,Nissan,Qashqai+2,2013.0,6500000,101000.0,Manuelle,Dakar,https://www.gaaraas.com/fr/vehicle_listings/annonce-nissan-qashqai-2-dakar-dakar-2761
8,6,Ford,Escape,2011.0,4300000,130000.0,Automatique,Dakar,https://www.gaaraas.com/fr/vehicle_listings/annonce-ford-escape-dakar-dakar-4196
8,7,Peugeot,307,2007.0,2100000,90000.0,Manuelle,Dakar,https://www.gaaraas.com/fr/vehicle_listings/annonce-peugeot-307-dakar-dakar-413
8,8,Hyundai,Elantra,2013.0,5800000,21000.0,Automatique,Dakar,https://www.gaaraas.com/fr/vehicle_listings/annonce-hyundai-elantra-dakar-dakar-2468
8,9,Mitsubishi,Endeavor,2012.0,4300000,100000.0,Automatique,Dakar,https://www.gaaraas.com/fr/vehicle_listings/annonce-mitsubishi-endeavor-dakar-dakar-2497
8,10,Peugeot,508,2011.0,5500000,179000.0,Automatique,Dakar,https://www.gaaraas.com/fr/vehicle_listings/annonce-peugeot-508-dakar-dakar-2155
8,11,Citroen,C3,2006.0,1900000,160000.0,Manuelle,Dakar,https://www.gaaraas.com/fr/vehicle_listings/annonce-citroen-c3-dakar-dakar-2218
8,12,Renault,Scenic,2007.0,1950000,160000.0,Manuelle,Dakar,https://www.gaaraas.com/fr/vehicle_listings/annonce-renault-scenic-dakar-dakar-2518
8,13,Citroen,Nemo,2009.0,2400000,160000.0,Manuelle,Dakar,https://www.gaaraas.com/fr/vehicle_listings/annonce-citroen-nemo-dakar-dakar-1980
8,14,Peugeot,407,2006.0,2300000,291000.0,Manuelle,Dakar,https://www.gaaraas.com/fr/vehicle_listings/annonce-peugeot-407-dakar-dakar-2304
8,15,Nissan,Versa,2010.0,2500000,120000.0,Automatique,Dakar,https://www.gaaraas.com/fr/vehicle_listings/annonce-nissan-versa-dakar-dakar-2119
8,16,Renault,Scenic,2005.0,1500000,180000.0,Manuelle,Dakar,https://www.gaaraas.com/fr/vehicle_listings/annonce-renault-scenic-dakar-dakar-1795
8,17,Renault,Megane,2006.0,1800000,160000.0,Manuelle,Dakar,https://www.gaaraas.com/fr/vehicle_listings/annonce-renault-megane-dakar-dakar-2201
8,18,Peugeot,407,2007.0,2600000,180000.0,Manuelle,Dakar,https://www.gaaraas.com/fr/vehicle_listings/annonce-peugeot-407-dakar-dakar-1580
8,19,Mercedes‒Benz,190,2000.0,2400000,160000.0,Manuelle,Dakar,https://www.gaaraas.com/fr/vehicle_listings/annonce-mercedes-benz-190-dakar-dakar-2436
8,20,Renault,Kangoo,2012.0,4500000,264127.0,Manuelle,Dakar,https://www.gaaraas.com/fr/vehicle_listings/annonce-renault-kangoo-dakar-dakar-1871
9,1,Hyundai,Accent,2007.0,1700000,,Manuelle,Dakar,https://www.gaaraas.com/fr/vehicle_listings/annonce-hyundai-accent-dakar-dakar-890
9,2,Dacia,Logan,2008.0,3000000,160000.0,Manuelle,Dakar,https://www.gaaraas.com/fr/vehicle_listings/annonce-dacia-logan-dakar-dakar-1602
9,3,Renault,Laguna,2007.0,1400000,180000.0,Manuelle,Dakar,https://www.gaaraas.com/fr/vehicle_listings/annonce-renault-laguna-dakar-dakar-1325
9,4,Peugeot,3008,2011.0,6500000,,Manuelle,Dakar,https://www.gaaraas.com/fr/vehicle_listings/annonce-peugeot-3008-dakar-dakar-1121
9,5,Peugeot,307,2008.0,2200000,160000.0,Manuelle,Dakar,https://www.gaaraas.com/fr/vehicle_listings/annonce-peugeot-307-dakar-dakar-1148
9,6,Citroen,C3,2008.0,2000000,200000.0,Manuelle,Dakar,https://www.gaaraas.com/fr/vehicle_listings/annonce-citroen-c3-dakar-dakar-1893
9,7,Citroen,C4,2010.0,2200000,289983.0,Manuelle,Dakar,https://www.gaaraas.com/fr/vehicle_listings/annonce-citroen-c4-dakar-dakar-2303
9,8,Opel,Astra,2009.0,1500000,160000.0,Manuelle,Dakar,https://www.gaaraas.com/fr/vehicle_listings/annonce-opel-astra-dakar-dakar-2069
9,9,Renault,17,2000.0,6000000,160000.0,Manuelle,Dakar,https://www.gaaraas.com/fr/vehicle_listings/annonce-renault-17-dakar-dakar-2505
9,10,Mazda,2,2008.0,1100000,140000.0,Manuelle,Dakar,https://www.gaaraas.com/fr/vehicle_listings/annonce-mazda-2-dakar-dakar-2780
9,11,Peugeot,307,2007.0,2200000,160000.0,Manuelle,Dakar,https://www.gaaraas.com/fr/vehicle_listings/annonce-peugeot-307-dakar-dakar-1931
9,12,Hyundai,Sonata,2006.0,2000000,140000.0,Automatique,Dakar,https://www.gaaraas.com/fr/vehicle_listings/annonce-hyundai-sonata-dakar-dakar-3570
9,13,Peugeot,406,2006.0,2500000,160000.0,Manuelle,Dakar,https://www.gaaraas.com/fr/vehicle_listings/annonce-peugeot-406-dakar-dakar-1707
9,14,Hyundai,Tucson,2010.0,4200000,79044.0,Manuelle,Dakar,https://www.gaaraas.com/fr/vehicle_listings/annonce-hyundai-tucson-dakar-dakar-548
9,15,Mercedes‒Benz,190,1989.0,1900000,160000.0,Manuelle,Dakar,https://www.gaaraas.com/fr/vehicle_listings/annonce-mercedes-benz-190-dakar-dakar-2109
9,16,Chrysler,Sebring,2009.0,2000000,99000.0,Automatique,Dakar,https://www.gaaraas.com/fr/vehicle_listings/annonce-chrysler-sebring-dakar-dakar-4135
9,17,Toyota,Camry,2010.0,4500000,110000.0,Automatique,Dakar,https://www.gaaraas.com/fr/vehicle_listings/annonce-toyota-camry-dakar-dakar-1105
9,18,Skoda,Octavia,2010.0,2600000,160000.0,Manuelle,Dakar,https://www.gaaraas.com/fr/vehicle_listings/annonce-skoda-octavia-dakar-dakar-1667
9,19,Hyundai,Sonata,2013.0,5200000,92000.0,Automatique,Dakar,https://www.gaaraas.com/fr/vehicle_listings/annonce-hyundai-sonata-louga-dahra-4357
9,20,Toyota,Corolla,2010.0,3500000,88997.0,Manuelle,Dakar,https://www.gaaraas.com/fr/vehicle_listings/annonce-toyota-corolla-dakar-dakar-887
10,1,Peugeot,308,2009.0,2600000,120000.0,Manuelle,Dakar,https://www.gaaraas.com/fr/vehicle_listings/annonce-peugeot-308-dakar-dakar-4138
10,2,Toyota,Avensis,2008.0,2500000,160000.0,Manuelle,Dakar,https://www.gaaraas.com/fr/vehicle_listings/annonce-toyota-avensis-dakar-dakar-1664
10,3,Toyota,Corolla,2007.0,4300000,235000.0,Manuelle,Dakar,https://www.gaaraas.com/fr/vehicle_listings/annonce-toyota-corolla-dakar-dakar-2445
10,4,Volkswagen,Golf,2005.0,2200000,180000.0,Manuelle,Dakar,https://www.gaaraas.com/fr/vehicle_listings/annonce-volkswagen-golf-dakar-dakar-1792
10,5,Renault,21,2002.0,2200000,160000.0,Manuelle,Dakar,https://www.gaaraas.com/fr/vehicle_listings/annonce-renault-21-dakar-dakar-2800
10,6,Toyota,Avensis,2006.0,1600000,186000.0,Manuelle,Dakar,https://www.gaaraas.com/fr/vehicle_listings/annonce-toyota-avensis-dakar-dakar-2882
10,7,Toyota,Verso,2007.0,2500000,313000.0,Manuelle,Dakar,https://www.gaaraas.com/fr/vehicle_listings/annonce-toyota-verso-dakar-dakar-3569
10,8,Renault,Safrane,2007.0,2200000,160000.0,Manuelle,Dakar,https://www.gaaraas.com/fr/vehicle_listings/annonce-renault-safrane-dakar-dakar-2118
10,9,Renault,Scenic,2008.0,2000000,130000.0,Manuelle,Dakar,https://www.gaaraas.com/fr/vehicle_listings/annonce-renault-scenic-dakar-dakar-4195
10,10,Chery,A113,2008.0,1700000,79000.0,Manuelle,Dakar,https://www.gaaraas.com/fr/vehicle_listings/annonce-chery-a113-dakar-dakar-510
10,11,Renault,Clio,2007.0,1750000,120000.0,Manuelle,Dakar,https://www.gaaraas.com/fr/vehicle_listings/annonce-renault-clio-dakar-dakar-4178
10,12,Renault,Megane,2009.0,3300000,233200.0,Manuelle,Dakar,https://www.gaaraas.com/fr/vehicle_listings/annonce-renault-megane-dakar-dakar-1237
10,13,Peugeot,508,2012.0,4700000,102220.0,Manuelle,Dakar,https://www.gaaraas.com/fr/vehicle_listings/annonce-peugeot-508-dakar-dakar-1535
10,14,Citroen,C4,2007.0,2200000,160000.0,Manuelle,Dakar,https://www.gaaraas.com/fr/vehicle_listings/annonce-citroen-c4-dakar-dakar-2082
10,15,Peugeot,308,2008.0,2800000,160000.0,Manuelle,Dakar,https://www.gaaraas.com/fr/vehicle_listings/annonce-peugeot-308-dakar-dakar-2701
10,16,Toyota,Yaris,2007.0,2700000,180000.0,Manuelle,Dakar,https://www.gaaraas.com/fr/vehicle_listings/annonce-toyota-yaris-dakar-dakar-1662
10,17,Nissan,Juke,2011.0,5500000,157000.0,Manuelle,Dakar,https://www.gaaraas.com/fr/vehicle_listings/annonce-nissan-juke-dakar-dakar-760
10,18,Ford,Focus,2007.0,2700000,100000.0,Automatique,Dakar,https://www.gaaraas.com/fr/vehicle_listings/annonce-ford-focus-dakar-dakar-4417
10,19,Toyota,Corolla,2010.0,3200000,90000.0,Manuelle,Dakar,https://www.gaaraas.com/fr/vehicle_listings/annonce-toyota-corolla-dakar-dakar-464
10,20,Mercedes‒Benz,190,2007.0,2900000,160000.0,Automatique,Dakar,https://www.gaaraas.com/fr/vehicle_listings/annonce-mercedes-benz-190-dakar-dakar-3060
11,1,Nissan,Rogue,2010.0,8500000,84500.0,Automatique,Dakar,https://www.gaaraas.com/fr/vehicle_listings/annonce-nissan-rogue-dakar-dakar-790
11,2,Hyundai,Santa Fe,2005.0,3500000,300000.0,Manuelle,Dakar,https://www.gaaraas.com/fr/vehicle_listings/annonce-hyundai-santa-fe-dakar-dakar-2646
11,3,Ford,Focus,2015.0,5800000,29000.0,Automatique,Dakar,https://www.gaaraas.com/fr/vehicle_listings/annonce-ford-focus-dakar-dakar-3739
11,4,Peugeot,807,2010.0,4800000,160000.0,Manuelle,Dakar,https://www.gaaraas.com/fr/vehicle_listings/annonce-peugeot-807-dakar-dakar-1587
11,5,Peugeot,407,2007.0,2000000,110000.0,Manuelle,Dakar,https://www.gaaraas.com/fr/vehicle_listings/annonce-peugeot-407-dakar-dakar-4171
11,6,Peugeot,205,2000.0,1500000,160000.0,Manuelle,Dakar,https://www.gaaraas.com/fr/vehicle_listings/annonce-peugeot-205-dakar-dakar-2262
11,7,Toyota,RAV4,2007.0,4000000,145000.0,Manuelle,Dakar,https://www.gaaraas.com/fr/vehicle_listings/annonce-toyota-rav4-dakar-dakar-4389
11,8,Peugeot,307,2008.0,2000000,120000.0,Manuelle,Dakar,https://www.gaaraas.com/fr/vehicle_listings/annonce-peugeot-307-dakar-dakar-4161
11,9,Renault,Scenic,2006.0,2200000,140000.0,Manuelle,Dakar,https://www.gaaraas.com/fr/vehicle_listings/annonce-renault-scenic-dakar-dakar-3478
11,10,Nissan,Teana,2011.0,8000000,90000.0,Manuelle,Dakar,https://www.gaaraas.com/fr/vehicle_listings/annonce-nissan-teana-dakar-dakar-422
11,11,Dacia,Sandero,2010.0,2200000,160000.0,Manuelle,Dakar,https://www.gaaraas.com/fr/vehicle_listings/annonce-dacia-sandero-dakar-dakar-2117
11,12,Lada,Niva,2008.0,1500000,160000.0,Manuelle,Dakar,https://www.gaaraas.com/fr/vehicle_listings/annonce-lada-niva-dakar-dakar-1919
11,13,Dacia,Logan,2009.0,2800000,500000.0,Manuelle,Dakar,https://www.gaaraas.com/fr/vehicle_listings/annonce-dacia-logan-dakar-dakar-2116
11,14,Peugeot,406,2003.0,2400000,160000.0,Manuelle,Dakar,https://www.gaaraas.com/fr/vehicle_listings/annonce-peugeot-406-dakar-dakar-2290
11,15,Jeep,Patriot,2015.0,9500000,51200.0,Automatique,Dakar,https://www.gaaraas.com/fr/vehicle_listings/annonce-jeep-patriot-dakar-dakar-2023
11,16,Renault,Scenic,2008.0,2200000,16000.0,Manuelle,Dakar,https://www.gaaraas.com/fr/vehicle_listings/annonce-renault-scenic-dakar-dakar-1191
11,17,Ford,Escape,2011.0,5800000,0.0,Automatique,Dakar,https://www.gaaraas.com/fr/vehicle_listings/annonce-ford-escape-dakar-dakar-3183
11,18,Toyota,RAV4,2007.0,5200000,120000.0,Manuelle,Dakar,https://www.gaaraas.com/fr/vehicle_listings/annonce-toyota-rav4-dakar-dakar-560
11,19,Hyundai,Tucson,2006.0,4000000,298000.0,Manuelle,Dakar,https://www.gaaraas.com/fr/vehicle_listings/annonce-hyundai-tucson-dakar-dakar-874
11,20,Citroen,C3,2007.0,2400000,180000.0,Manuelle,Dakar,https://www.gaaraas.com/fr/vehicle_listings/annonce-citroen-c3-dakar-dakar-1666
12,1,Peugeot,205,2000.0,1400000,160000.0,Manuelle,Dakar,https://www.gaaraas.com/fr/vehicle_listings/annonce-peugeot-205-dakar-dakar-1934
12,2,Peugeot,307,2005.0,2100000,160000.0,Manuelle,Dakar,https://www.gaaraas.com/fr/vehicle_listings/annonce-peugeot-307-dakar-dakar-2915
12,3,Jeep,Wrangler,2013.0,20000000,100000.0,Automatique,Dakar,https://www.gaaraas.com/fr/vehicle_listings/annonce-jeep-wrangler-dakar-dakar-2454
12,4,Peugeot,406,2004.0,2700000,120000.0,Manuelle,Dakar,https://www.gaaraas.com/fr/vehicle_listings/annonce-peugeot-406-dakar-dakar-1119
12,5,Renault,19,1989.0,1500000,140000.0,Manuelle,Dakar,https://www.gaaraas.com/fr/vehicle_listings/annonce-renault-19-dakar-dakar-3449
12,6,Toyota,RAV4,2010.0,9600000,180000.0,Automatique,Dakar,https://www.gaaraas.com/fr/vehicle_listings/annonce-toyota-rav4-dakar-dakar-191
12,7,Peugeot,308,2008.0,2700000,160000.0,Manuelle,Dakar,https://www.gaaraas.com/fr/vehicle_listings/annonce-peugeot-308-dakar-dakar-681
12,8,Peugeot,405,2005.0,1900000,120000.0,Manuelle,Dakar,https://www.gaaraas.com/fr/vehicle_listings/annonce-peugeot-405-dakar-dakar-4173
12,9,Peugeot,308,2010.0,2900000,120000.0,Manuelle,Dakar,https://www.gaaraas.com/fr/vehicle_listings/annonce-peugeot-308-dakar-dakar-3635
12,10,Nissan,200SX,2006.0,1600000,180000.0,Manuelle,Dakar,https://www.gaaraas.com/fr/vehicle_listings/annonce-nissan-200sx-dakar-dakar-746
12,11,Mitsubishi,L200,2011.0,6000000,120000.0,Manuelle,Dakar,https://www.gaaraas.com/fr/vehicle_listings/annonce-mitsubishi-l200-dakar-dakar-4388
12,12,Citroen,Berlingo,2006.0,2400000,180000.0,Manuelle,Dakar,https://www.gaaraas.com/fr/vehicle_listings/annonce-citroen-berlingo-dakar-dakar-1327
12,13,Peugeot,305,2004.0,1600000,128000.0,Manuelle,Dakar,https://www.gaaraas.com/fr/vehicle_listings/annonce-peugeot-305-dakar-dakar-578
12,14,Renault,Megane,2007.0,2700000,180000.0,Manuelle,Dakar,https://www.gaaraas.com/fr/vehicle_listings/annonce-renault-megane-dakar-dakar-1665
12,15,Ford,Focus ST,2012.0,3300000,140000.0,Automatique,Dakar,https://www.gaaraas.com/fr/vehicle_listings/annonce-ford-focus-st-dakar-dakar-2887
12,16,Ford,Escape,2014.0,8200000,105000.0,Manuelle,Dakar,https://www.gaaraas.com/fr/vehicle_listings/annonce-ford-escape-dakar-dakar-871
12,17,Citroen,Xsara,2006.0,1800000,160000.0,Manuelle,Dakar,https://www.gaaraas.com/fr/vehicle_listings/annonce-citroen-xsara-dakar-dakar-3025
12,18,Peugeot,308,2012.0,3900000,160000.0,Manuelle,Dakar,https://www.gaaraas.com/fr/vehicle_listings/annonce-peugeot-308-dakar-dakar-2758
12,19,Citroen,C4,2008.0,2100000,90925.0,Manuelle,Dakar,https://www.gaaraas.com/fr/vehicle_listings/annonce-citroen-c4-dakar-dakar-2611
12,20,Renault,Megane,2008.0,1850000,120000.0,Manuelle,Dakar,https://www.gaaraas.com/fr/vehicle_listings/annonce-renault-megane-dakar-dakar-4348
13,1,Dacia,Logan,2008.0,2600000,137000.0,Manuelle,Dakar,https://www.gaaraas.com/fr/vehicle_listings/annonce-dacia-logan-dakar-dakar-878
13,2,Peugeot,307,2007.0,2100000,175598.0,Manuelle,Dakar,https://www.gaaraas.com/fr/vehicle_listings/annonce-peugeot-307-dakar-dakar-1748
13,3,Toyota,RAV4,2006.0,3500000,140000.0,Manuelle,Dakar,https://www.gaaraas.com/fr/vehicle_listings/annonce-toyota-rav4-dakar-dakar-2896
13,4,Fiat,Stilo,2007.0,2700000,160000.0,Manuelle,Dakar,https://www.gaaraas.com/fr/vehicle_listings/annonce-fiat-stilo-dakar-dakar-2508
13,5,Audi,S3,2007.0,2000000,120000.0,Manuelle,Dakar,https://www.gaaraas.com/fr/vehicle_listings/annonce-audi-s3-dakar-dakar-4137
